model,RMSE,MAE
har_rv,2.7521149756879616e-05,1.2472732074230973e-05
garch_rv,2.8027866654900782e-05,1.440943438566258e-05
