trades,winrate_%,avg_gain_pips,avg_loss_pips,max_drawdown_pips,sharpe_like
3,33.33333333333333,14.086377862810332,-11.77982070754833,-23.55964141509666,-1.4596708226167239
