model,RMSE,MAE,MAPE(%),TheilsU,HitRate
lstm,0.005082019057871365,0.0037944362488830105,0.3454361525043929,0.9981012598904553,0.49298597194388777
rw,0.005093568395535689,0.003786700000000001,0.3447169478410994,0.9999999999612673,0.4849699398797595
arima,0.048645585205137655,0.03684390403736221,3.2776980257379904,9.573480775467155,0.03006012024048096
ets,0.07442602127088836,0.05646457942190826,5.009810488656016,14.647327599798833,0.5130260521042084
